gene,days.in.dish,diameter,cslow,RMP,pA_start,pA_threshold,Rheobase,input_res,Input_res_new,AP_threshhold,AP_max,Apamp,Min_AHP,Loc_APHW,APD,max_slope_raw,max_slope_smth,slope_oversh,slope_oversh_0.5,subthresh_slope,subthresh_slope_0.5,TTP,Shoulder,AHP_new,AHP_Tau,RMP_beforeAP,X2nd_Infliction,X2Hz,X4Hz,X10Hz,X20Hz,X50Hz,X100Hz,HS_Threshold,AP_HS_2TH,Sinusscore_old,Sinusscore_new,HS_Quotient,Delta.I.Initial,Delta.ind.time,Delta.Rmem,n_cells,prop.spontaneous
CACNA1D,-0.528466128,0.249450555,-0.03752796,-0.161149473,0.233079998,-0.042035501,-0.188470067,0.133185432,-0.077348491,-0.399562393,0.315676366,0.306846258,-0.258280663,-0.203316034,-0.333336582,0.545259177,0.660050583,-0.134659149,-0.134659149,-0.306846258,-0.245035501,0.32009142,0.386317231,0.143489257,0.496693583,0.245035501,-0.241872845,-0.103659791,0.083309823,-0.181229883,-0.088483585,-0.017777822,-0.038032843,-0.131699381,-0.342676623,0.152487026,-0.427937916,-0.280664525,-0.072848392,0.245817575,0.139074203,0.566038084,0.318488683
CACNA1E,-0.266739767,0.076923077,0.002197802,0.120879121,-0.130670739,0.008810594,0.174394636,0.095029075,0.143014388,0.468131868,0.384615385,0.397802198,0.142857143,0.466446927,-0.094505495,0.213186813,0.415384615,0.441758242,0.441758242,0.397802198,0.063736264,-0.292307692,0.534065934,0.054945055,0.107692308,-0.024175824,0.034401046,0.309609412,0.032455885,0.119268286,0.29181067,0.097347277,0.100231667,0.017778875,-0.432929192,-0.12981306,0.240620447,-0.574257773,-0.134065934,-0.491694206,0.6,0.075139268,0.144129837
CACNA1F,-0.220243844,0.138461538,-0.120879121,-0.156043956,0.166717839,-0.187225124,-0.192054852,0.026519742,-0.079207969,-0.353846154,0.142857143,0.164835165,-0.226373626,-0.189219036,-0.516483516,0.125274725,0.287912088,-0.164835165,-0.164835165,-0.331868132,-0.120879121,0.274725275,0.182417582,0.178021978,0.195604396,0.081318681,-0.309609412,-0.172005229,0.169491845,0.094802996,0.151411197,0.050886077,0.077957963,-0.180011112,-0.338814151,0.118811953,-0.518768853,-0.286028776,0.331868132,0.284782164,-0.050549451,0.353596557,0.184042715
CACNA1G,0.219515419,0.150903404,0.021905333,0.233656884,-0.395456177,-0.271981154,-0.224911987,0.007342231,0.056041913,-0.163073033,-0.094923109,0.026773185,-0.262863994,-0.27168145,-0.389428139,0.197147995,0.238524735,-0.192280144,-0.192280144,0.097357035,0.382126362,0.158205182,-0.077885628,-0.433238805,-0.460011989,-0.352919251,-0.495260557,0.228581795,-0.001996824,0.162562493,0.254566072,0.268289696,0.172666952,-0.071372521,0.203241501,-0.305793919,0.019557564,-0.020711142,0.051112443,-0.156457103,-0.313976437,-0.085659361,-0.007366828
CACNA1H,0.130273046,0.395147339,0.187639798,-0.183224744,0.056572815,0.307522877,0.281596452,-0.612652986,-0.771274956,-0.214130122,-0.518768853,-0.532014015,0.536429069,-0.388952413,-0.064018284,-0.015452689,-0.218545176,-0.205300014,-0.205300014,-0.271525825,0.015452689,0.337751636,-0.267110771,-0.068433338,-0.161149473,-0.306846258,-0.310979372,-0.449192426,-0.470881609,-0.562119806,-0.569613076,-0.32000079,-0.304262742,0.323667971,-0.205605974,0.68287668,-0.068736142,-0.304974051,0.324506474,0.838014459,-0.192054852,-0.239733777,0.033407904
CACNA1I,-0.255949594,0.052305686,-0.148658266,-0.077082064,-0.029631003,-0.197268591,-0.268215866,0.035986375,-0.041339416,-0.349622218,0.107364303,0.148658266,-0.115623096,-0.221854864,-0.256022569,0.635927026,0.61390358,-0.156917058,-0.156917058,-0.245010846,0.167928782,0.178940505,0.055058617,-0.311081186,0.214728606,-0.137646543,-0.47399202,0.172360735,0.252956402,0.026814216,0.063793103,0.189831554,0.122758568,-0.270018008,0.195987058,-0.035827494,-0.306927434,-0.020669708,0.044046894,0.051556241,0.044046894,0.473359235,0.408286081
CACNA1S,-0.524397947,0.004867852,0.148469478,-0.279901475,0.37674374,0.178068379,0.092898429,0.265544021,0.199801604,0.343183548,0.586576135,0.494086952,-0.058414221,0.598186511,0.048678517,0.474615545,0.579274357,0.40646562,0.40646562,0.199581921,0.017037481,-0.460011989,0.379692436,0.053546369,0.469747693,0.30667466,0.228581795,0.228581795,0.335466362,0.165949212,0.227127813,-0.105355771,-0.039466732,-0.111981024,-0.261868858,-0.253406913,0.210243814,-0.012183025,-0.18254444,-0.682497915,0.257996142,0.569022901,-0.022100484
CATSPER2,-0.210455229,-0.230769231,-0.217582418,-0.217582418,0.11940602,0.07489005,0.236205393,0.037569634,0.118811953,0.538461538,0.340659341,0.301098901,0.353846154,0.664466849,0.006593407,0.010989011,0.243956044,0.494505495,0.494505495,0.292307692,0.274725275,-0.56043956,0.098901099,-0.085714286,0.2,0.046153846,0.034401046,0.378411504,0.508475535,0.412851759,0.440468936,0.099559715,0.147006445,-0.115562689,-0.279992249,-0.184818594,0.205300014,-0.246424792,0.274725275,-0.482794763,0.476923077,0.201108042,0.011086911
CATSPER4,-0.176252714,-0.06331741,0.055058617,-0.099105511,0.056440006,-0.068975032,-0.002765112,0.305884184,0.300399754,0.410186697,0.523056862,0.462492383,0,0.560838073,-0.19545809,0.327598771,0.399174973,0.335857564,0.335857564,0.275293085,0.261528431,-0.517551,0.264281362,0.027529309,0.341363425,0.156917058,0.172360735,0.172360735,0.252956402,0.321770597,0.386206897,0.012470686,0.02231974,-0.217127883,-0.254930534,-0.344495131,0.182497393,-0.02618163,0.123881888,-0.783097497,0.228493261,0.256056896,0.108320797
CNGA1,-0.598913164,-0.089647863,-0.304802735,0.058911453,0.028881938,-0.174557056,-0.331878437,0.242102455,0.13077353,-0.432871111,0.145997949,0.125507009,-0.202348034,-0.223084257,-0.002561368,0.407257436,0.550694017,-0.156243419,-0.156243419,-0.325293675,-0.248452649,0.356030085,0.402134701,0.023052308,0.422625641,0.284311795,-0.280642203,0.200458716,0.294192966,0.024948343,0.067374863,0.275891426,0.267370174,-0.39367803,0.076778633,0.087182353,-0.383332458,-0.346165226,-0.284311795,0.147795417,0.274066325,0.512536048,0.395380518
CNGA2,-0.176252714,0.214728606,0.214728606,-0.567103755,0.69703407,0.477307219,0.052537128,0.019377279,-0.286619949,-0.300069463,0.06331741,-0.055058617,-0.145905335,-0.099214598,-0.134893612,0.443221867,0.19270516,-0.022023447,-0.022023447,-0.206469814,-0.209222745,0.140399473,0.242257915,0.099105511,0.401927904,0.123881888,0.172360735,-0.560172387,-0.322971121,-0.494147702,-0.375862069,-0.315924045,-0.242727169,0.130833468,-0.330083466,0.214964962,-0.049772016,0.039961435,-0.118376027,0.227126142,-0.118376027,0.329413737,-0.033329476
CNGA3,0.054207251,0.003606209,0.003606209,-0.129823541,0.168199266,-0.001807081,0.144886649,-0.190374903,0.003610179,-0.010818628,0.346196109,0.360620947,-0.27407192,0.12996644,-0.20555394,0.021637257,0.028849676,0.284890548,0.284890548,0.082942818,-0.079336608,-0.129823541,0.439957555,0.025243466,-0.266859501,-0.025243466,0.112892213,0.112892213,0.165680473,0.210752147,0.252956402,-0.09801606,-0.020100991,-0.012762762,-0.05404922,-0.070398488,-0.032599496,-0.393509498,-0.003606209,-0.135072484,0.003606209,0.504040218,-0.04366004
CNGA4,0.034411748,0.130244095,0.086093554,-0.086093554,0.219502522,0.159292425,0.050997783,0.115427374,0.152487026,-0.156734419,0.452543042,0.46137315,-0.629145205,-0.050829009,-0.22296023,0.099338717,0.183224744,0.125829041,0.125829041,0.192054852,-0.209715068,0.055188176,0.549674231,0.046358068,-0.130244095,0.249450555,0.241872845,0.034553264,-0.043465995,-0.05221878,0.110604481,-0.088889108,-0.078302911,0.131699381,-0.302500743,-0.247515172,0.11751663,-0.309393965,-0.430467772,-0.185480533,-0.090508608,0.410655081,-0.238309714
CNGB3,-0.598433645,-0.068062179,-0.152553161,-0.002346972,0.086610811,-0.068212262,-0.025930922,0.356356137,0.352433258,0.072756123,0.673580879,0.603171728,-0.251125972,0.274897941,0.100919783,0.213574425,0.438883709,0.222962312,0.222962312,0.133777387,-0.180716821,-0.208880482,0.312147237,0.171328934,0.424801879,0.748683974,0.257151425,0.257151425,0.377395116,0.20574068,0.049976228,-0.089778838,-0.185526645,-0.12577937,0.010050283,-0.2091104,-0.063648628,0.131575083,-0.180716821,-0.133048534,0.180716821,0.462554986,0.030782447
HCN1,-0.08320323,0.318681319,0.226373626,-0.687912088,0.635330145,0.471366782,0.328921528,-0.21878787,-0.40704095,0.138461538,0.112087912,0.050549451,0.09010989,0.277227891,-0.437362637,0.292307692,0.164835165,0.345054945,0.345054945,0.151648352,0.195604396,-0.226373626,0.09010989,-0.107692308,-0.054945055,-0.173626374,-0.034401046,-0.447213595,-0.234403615,-0.162082542,-0.093599649,-0.356202536,-0.311831852,0.333353911,-0.40469468,0.052805312,0.099338717,0.057205755,0.459340659,0.173539131,-0.16043956,0.112708903,-0.268303236
HCN2,-0.004921423,0.033149677,-0.148068558,-0.358016514,0.414572876,0.107420305,-0.037735872,0.136666667,-0.027655138,-0.121548816,0.13038873,0.159118451,-0.167958365,-0.006637233,-0.39337617,0.019889806,0.181218235,-0.02872972,-0.02872972,-0.134808687,-0.150278537,0.121548816,0.07292929,0.207737977,0.37790632,-0.030939699,-0.034591635,-0.276733078,0.041701169,-0.101478433,0.081661389,0.056729735,0.090708274,0.084917526,-0.64352792,0.004424822,-0.299667221,-0.081859208,0.187848171,0.16667042,0.245307611,0.106666667,0.046823004
HCN3,-0.632405861,-0.016428802,-0.204186538,-0.199492595,0.233368018,-0.028225763,-0.172087031,0.401195651,0.284296162,-0.086837953,0.607865672,0.565620181,-0.359086671,0.21380951,-0.255819916,0.621947502,0.819093125,0.218268369,0.218268369,0.091531897,0.021122745,-0.09622584,0.52337469,-0.105613727,0.420107935,0.387250331,-0.110207754,0.257151425,0.377395116,0.20574068,0.276339143,0.148843862,0.090384776,-0.256305132,-0.123115967,-0.317189932,-0.11079576,-0.126875973,-0.152553161,-0.285104002,0.251125972,0.634833118,0.163383758
HCN4,-0.235885741,0.629825129,0.451183819,-0.027483278,-0.15377663,-0.001147662,0.01610285,-0.242962468,-0.468876401,-0.054966557,-0.119094206,-0.151158031,0.258800871,-0.126103677,-0.471796278,0.629825129,0.382475624,-0.061837376,-0.061837376,-0.020612459,0.350411799,0.096191474,0.066417923,-0.190092675,-0.148867758,-0.235898139,-0.466029796,-0.358484459,-0.526111351,-0.267693819,-0.285441471,-0.284732326,-0.359768242,0.070633841,-0.013485294,0.261378531,-0.004600814,-0.096297354,0.416829721,0.208662311,-0.391636716,-0.104784761,0.161747385
HVCN1,-0.126080384,0.18986624,-0.00915018,-0.450646376,0.241528637,0.171944195,0.209087696,-0.150664314,-0.161449441,0.116664798,0.468946736,0.489534642,-0.043463356,0.264502275,-0.459796556,0.494109732,0.63822507,0.301955947,0.301955947,0.22646696,0.473521826,-0.333981578,0.050325991,-0.480384461,-0.054901081,-0.070913897,-0.322251693,0.28644595,0.420387724,0.200531209,0.276505433,-0.077143083,-0.125189312,0.070549703,-0.269384614,-0.27595259,0.135562352,-0.130533591,0.313393672,-0.229255131,-0.073201442,0.575054633,-0.113088299
KCNA1,0.347495843,0.252747253,0.375824176,-0.12967033,0.092370695,0.337005223,0.214130122,-0.311606966,-0.440044271,0.12967033,-0.520879121,-0.556043956,0.38021978,-0.037403763,-0.054945055,-0.09010989,-0.362637363,-0.024175824,-0.024175824,0.037362637,0.147252747,0.041758242,-0.107692308,-0.041758242,-0.279120879,-0.476923077,-0.034401046,-0.447213595,-0.6094494,-0.370037502,-0.22574033,-0.181419925,-0.075730593,0.257793691,-0.244699109,0.290429219,0.29801615,-0.189219036,0.147252747,0.06674582,-0.195604396,-0.497245158,-0.175173187
KCNA10,-0.502218727,0.127612838,0.039603984,0.151815273,-0.244713463,0.042998924,0.371272758,-0.111726757,0.002202643,0.576457995,0.347634974,0.310231211,0.38943918,0.526431718,0.222222357,0.017601771,0.226622799,0.506050911,0.506050911,0.468647148,0.160616159,-0.444444713,0.132013281,-0.066006641,-0.147414831,0.319032096,0.034438912,0.413266939,0.16065296,0.229614551,0.02618163,-0.184941927,-0.278727759,0.152399183,0.075374909,-0.035242291,0.333703491,-0.121145374,0.099009961,-0.098001622,0.206820807,-0.024336521,-0.139848838
KCNA2,-0.078655424,0.607069934,0.452543042,-0.116998933,-0.11314563,0.353983167,0.494456763,-0.725860602,-0.817684051,0.139074203,-0.240620447,-0.245035501,0.717446286,-0.097238103,0.0816785,0.236205393,0.134659149,-0.019867743,-0.019867743,-0.011037635,0.284770987,-0.011037635,-0.412807555,-0.311261312,-0.22296023,-0.218545176,-0.380085899,-0.034553264,-0.239062971,-0.469969018,-0.564082852,-0.497779007,-0.541408702,0.444206388,-0.151250371,0.532599611,0.268292683,-0.183426422,0.271525825,0.475992212,-0.289186041,-0.042175387,-0.109132486
KCNA3,-0.08320323,0.103296703,0.024175824,-0.186813187,0.128417795,0.226872797,0.465788204,-0.293927138,-0.180418151,0.243956044,0.410989011,0.384615385,0.195604396,0.222222357,0.213186813,-0.134065934,-0.046153846,0.279120879,0.279120879,0.173626374,-0.068131868,-0.318681319,-0.182417582,0.063736264,0.054945055,0.397802198,0.309609412,0.103203137,0.198341521,-0.070337707,-0.302822394,-0.464612004,-0.547933112,0.364466943,-0.096467918,0.125412617,0.112583879,0.173817487,0.125274725,0.30480591,0.028571429,0.240887654,-0.18847748
KCNA4,-0.167142776,0.801332313,0.889633395,0.174394636,-0.081464854,0.179203978,0.370288248,-0.619312257,-0.698346378,0.055188176,-0.103753771,-0.130244095,0.430467772,-0.170166681,0.205300014,0.165564528,-0.055188176,-0.169979582,-0.169979582,-0.275940879,-0.377487123,0.183224744,-0.015452689,0.456958096,0.05960323,-0.015452689,0.103659791,-0.380085899,-0.60490176,-0.703417681,-0.77976159,-0.768890787,-0.686828395,0.421884459,-0.34503991,0.793374525,0.024390244,-0.274034655,-0.112583879,0.34637931,-0.271525825,0.084350773,0.064588614
KCNA7,-0.229824097,-0.240807321,-0.240807321,-0.172005229,0.246849036,-0.034476903,-0.172766318,0.311324713,0.309950204,-0.034401046,0.240807321,0.240807321,-0.309609412,0.172194558,-0.034401046,0.378411504,0.309609412,0.240807321,0.240807321,0.103203137,-0.034401046,-0.103203137,0.309609412,-0.103203137,0.172005229,-0.034401046,0.076923077,0.076923077,0.112892213,0.143603382,0.172360735,0.207780805,0.174319305,-0.139141708,0.294626684,-0.309950204,-0.103659791,0.275511293,-0.172005229,-0.174122889,0.309609412,0.242141443,0.1735376
KCNB1,-0.367477117,0.534653789,0.499450247,0.041804206,0.047363896,0.168688085,-0.101658017,-0.025442727,-0.325991189,-0.305830768,-0.200220143,-0.222222357,-0.030803099,-0.365638767,0.030803099,0.303630547,0.358636081,-0.459846263,-0.459846263,-0.310231211,-0.140814167,0.418042057,-0.140814167,0.024202435,0.184818594,0.165016602,-0.309950204,-0.137755646,-0.202170017,-0.450044519,-0.383078585,-0.197123731,-0.170581389,0.104565863,-0.273234044,0.255506608,0.008839828,-0.028634361,-0.286028776,0.152570707,-0.475247812,0.099558497,-0.166486712
KCNC1,0.486983611,-0.125274725,-0.16043956,-0.195604396,0.157706064,0.121145668,-0.249450555,0.209947956,-0.004400443,-0.191208791,-0.595604396,-0.556043956,-0.103296703,-0.253025456,-0.371428571,-0.125274725,-0.252747253,-0.230769231,-0.230769231,-0.010989011,0.226373626,0.274725275,-0.182417582,-0.204395604,-0.16043956,-0.56043956,-0.240807321,-0.447213595,-0.421926508,-0.137617253,0.132140681,0.384964232,0.407608778,0.026668313,-0.157642695,-0.160616159,-0.002207527,0.140814167,0.178021978,0.086769566,-0.072527473,-0.674043437,-0.104216959
KCNC2,-0.433146227,0.454945055,0.178021978,-0.134065934,0.159959008,-0.187225124,-0.328921528,0.088399139,-0.200220143,-0.507692308,0.142857143,0.134065934,-0.279120879,-0.330033203,-0.674725275,0.613186813,0.617582418,-0.30989011,-0.30989011,-0.441758242,-0.107692308,0.428571429,0.340659341,0.178021978,0.358241758,0.059340659,-0.447213595,-0.378411504,-0.13342975,-0.162082542,-0.049552755,-0.061948267,-0.053456889,-0.222235941,-0.371754415,0.217821914,-0.554089285,-0.286028776,0.23956044,0.244734672,-0.208791209,0.435365761,0.348128992
KCNC3,-0.523682895,0,-0.090013869,0.229535366,-0.133794783,-0.606678095,-0.483705068,0.257960809,0.274844493,-0.177777391,0.216033285,0.319549234,-0.258789873,0.011264119,-0.297045767,0.427565877,0.675104016,-0.14402219,-0.14402219,-0.380308596,-0.166525657,0.200280858,0.308297501,0.207031898,0.384809289,-0.15752427,-0.45790547,0.317011479,0.465245657,0.372621719,0.470730792,0.397565862,0.461825915,-0.506296756,-0.021682152,-0.083354477,-0.619323311,-0.220776724,0.011251734,-0.328039501,0.335301661,0.540812573,0.560787503
KCNC4,0.123717296,0.112211289,0.134213503,-0.442244492,0.33605812,0.151047501,0.243095258,-0.215710076,-0.246696035,0.378438073,0.013201328,0.039603984,0.303630547,0.420704846,-0.352035417,0.035203542,0.068206862,0.272827448,0.272827448,0.088008854,0.301430325,-0.360836302,-0.21122125,-0.046204648,0.006600664,-0.446644935,-0.137755646,-0.137755646,0.102890098,0.131645676,0.224610825,-0.102991612,-0.01114911,0.164635614,-0.439294389,-0.024229075,0.022099569,0.052863436,0.602860651,-0.180412077,0.083608411,-0.006637233,-0.095452381
KCND1,-0.066073153,0.279120879,0.56043956,0.151648352,0.105888357,0.165198639,-0.068433338,0.077349247,-0.092409297,-0.09010989,-0.301098901,-0.331868132,-0.081318681,-0.204620586,0.38021978,-0.107692308,-0.208791209,-0.367032967,-0.367032967,-0.230769231,-0.410989011,0.27032967,-0.195604396,0.362637363,0.164835165,0.120879121,0.240807321,-0.309609412,-0.40750167,-0.455666015,-0.443221867,-0.252217945,-0.160370667,0.200012347,-0.096467918,0.209021029,0.090508608,0.336633867,-0.472527473,-0.006674582,-0.349450549,-0.225417805,-0.250564179
KCND2,-0.383474467,0.034074962,0.177676589,-0.163073033,0.239519199,0.070739493,0.063562083,0.241069917,0.199801604,0.333447844,0.562236876,0.508690507,-0.02920711,0.505595523,0.048678517,0.391862065,0.520860136,0.270165772,0.270165772,0.126564145,-0.007301778,-0.411333472,0.219053328,0.131431997,0.533029766,0.267731846,0.228581795,0.228581795,0.335466362,0.118535151,0.17529999,-0.112706174,-0.06660011,-0.08736981,-0.332221685,-0.209548024,0.136902948,0.041422284,-0.158205182,-0.662786784,0.267731846,0.498048002,0.056479016
KCND3,0.073414615,0.362637363,0.301098901,-0.402197802,0.245570871,0.693834282,0.898463503,-0.638683781,-0.514851797,0.608791209,0.362637363,0.340659341,0.446153846,0.490649362,0.138461538,0.107692308,0.072527473,0.701098901,0.701098901,0.630769231,0.252747253,-0.573626374,0.068131868,-0.331868132,-0.389010989,-0.072527473,0.240807321,0.172005229,-0.122611122,-0.272176345,-0.289057739,-0.590720976,-0.628118445,0.728933886,-0.341167027,0.092409297,0.704201124,-0.257425898,0.01978022,0.046722074,0.116483516,0.163538408,-0.436824276
KCNF1,0.177509382,-0.240958661,-0.184978366,-0.22392118,0.283181553,0.192704136,-0.041559824,0.148068325,0.216857839,-0.301806808,0.299372882,0.289637179,-0.542765469,-0.149851203,0.109526664,0.07058385,0.080319554,-0.02920711,-0.02920711,0.036508888,-0.055980295,-0.002433926,0.073017776,-0.260430068,0.004867852,0.275033623,0.228581795,0.228581795,0.335466362,0.02370703,0.071644344,0.047777617,0.030833384,-0.022150093,0.140705655,-0.342342993,0.129568862,0.144977993,-0.462445915,-0.153993212,-0.163073033,0.511508758,-0.223460454
KCNG1,0.105227615,0.248351648,0.191208791,-0.010989011,-0.175729614,0.332599926,0.823407584,-0.65415363,-0.358636081,0.674725275,0.345054945,0.367032967,0.52967033,0.453245599,0.287912088,-0.208791209,-0.134065934,0.608791209,0.608791209,0.586813187,0.2,-0.569230769,-0.094505495,-0.186813187,-0.485714286,0.037362637,0.240807321,0.378411504,0.039668304,-0.039756095,-0.222987399,-0.517710518,-0.601390001,0.606704119,-0.091762166,0.125412617,0.562919394,-0.213421471,0.112087912,0.097893869,0.138461538,0.017679828,-0.321520407
KCNG2,0.435483383,0.123626724,0.101149138,-0.690061899,0.635946389,0.592464072,0.395098289,-0.221500745,-0.285779562,0.065185,0.096653621,0.11463569,-0.150599828,0.094509776,-0.253996725,-0.168581897,-0.101149138,0.141608794,0.141608794,0.200050518,0.191059483,-0.200050518,-0.325925001,-0.262987759,-0.191059483,-0.119131207,0.105548963,-0.175914938,0.077451764,-0.153256012,-0.016893033,-0.257950903,-0.220965892,0.51366953,-0.548649471,-0.195770251,0.286728473,0.21152188,0.182068449,0.081915557,-0.312438449,0.106229949,-0.641782758
KCNG3,0.176195075,0.441758242,0.384615385,0.01978022,0.074347145,0.10352448,-0.165564528,-0.150278537,-0.336633867,-0.617582418,-0.292307692,-0.243956044,-0.349450549,-0.708471276,-0.173626374,0.09010989,0.028571429,-0.621978022,-0.621978022,-0.432967033,-0.23956044,0.635164835,-0.12967033,0.032967033,-0.063736264,-0.068131868,-0.240807321,-0.309609412,-0.313740224,-0.510712916,-0.360633941,-0.146020915,-0.102459037,0.15112044,-0.261169241,0.250825234,-0.165564528,-0.107810846,-0.296703297,0.349303123,-0.586813187,0.119338838,-0.139695073
KCNH2,0.446364097,0.083700644,0.028634431,-0.843614381,0.753013546,0.581677704,0.37831951,-0.212625758,-0.292172173,0.127753614,0.145374802,0.145374802,-0.116740371,0.250275786,-0.522027698,0.151982748,0,0.405287327,0.405287327,0.29735755,0.299560198,-0.308370792,0.041850322,-0.299560198,-0.189427772,-0.427313812,0.103430708,-0.379245929,-0.157216022,-0.137920709,0.085529039,-0.200667162,-0.151795169,0.430974786,-0.502267699,-0.203969253,0.225664269,0.070562336,0.356829059,0.0066893,-0.035242376,0.11406486,-0.353341185
KCNH3,0.350175146,0.31684118,0.293371463,-0.152553161,0.091422523,0.40927357,0.747282038,-0.611233374,-0.326588153,0.513986803,0.363780614,0.462353426,0.11030767,0.338335928,0.021122745,-0.152553161,-0.077450066,0.560926238,0.560926238,0.542150464,0.039898519,-0.401332162,0.133777387,-0.129083444,-0.551538351,-0.27459569,0.257151425,0.257151425,-0.073168441,-0.146957628,-0.067614897,-0.420542976,-0.411488585,0.707212309,-0.417086744,-0.011747775,0.492687527,-0.361831478,-0.115001614,-0.068900134,0.166634991,0.172278133,-0.390700291
KCNH4,-0.429045728,0.100919319,0.100919319,-0.345572213,0.460828633,0.3953727,0.205803426,-0.076877601,-0.143891785,-0.088686674,0.339455891,0.266060022,-0.100919319,0.101030402,0.241594733,0.376153825,0.394502792,0.180431509,0.180431509,-0.027523451,-0.211013121,-0.058105062,0.2599437,-0.070337707,0.2599437,0.327223246,0.143603382,0.143603382,0.210752147,-0.208510638,-0.199191322,-0.246282121,-0.201454773,0.111323939,-0.098218222,0.070415129,0.12593941,-0.10409193,-0.406735436,0.01547906,0.05198874,0.673447782,-0.120330831
KCNH5,-0.343955107,0.586702884,0.400024694,-0.215568863,0.059231045,-0.00890904,-0.040179472,-0.198885785,-0.452747939,-0.202234706,0.022223594,-0.031113032,0.122229768,-0.144612364,-0.515587383,0.668930182,0.464473117,-0.126674486,-0.126674486,-0.18667819,0.293351442,0.091116736,-0.035557751,-0.15112044,0.026668313,-0.042224829,-0.452210551,-0.382639697,-0.277134271,-0.18863223,-0.278369081,-0.35235252,-0.417793852,-0.003370787,0,0.236941796,-0.183039818,0.102341057,0.517809742,0.287964187,-0.531143899,0.186595091,0.13004517
KCNH6,0.235966271,0.086093554,-0.161149473,-0.576164556,0.386958055,0.172566794,0.11751663,-0.204217662,-0.26298487,-0.033112906,0.041943014,0.108168825,-0.041943014,0.077348491,-0.695371016,0.293601095,0.258280663,0.231790339,0.231790339,0.103753771,0.403977447,-0.099338717,0.028697851,-0.386317231,-0.20088496,-0.562919394,-0.380085899,-0.172766318,0.02897733,0.070648937,0.25992053,0.080000198,0.078302911,0.140628153,-0.302500743,-0.145857155,-0.10421286,-0.108287888,0.55850434,0.127378198,0.050773122,0.144284218,-0.002227194
KCNH7,-0.05139023,0.134065934,-0.015384615,-0.186813187,0.08335892,0.07489005,0.055188176,-0.335916729,-0.514851797,-0.164835165,-0.463736264,-0.494505495,0.56043956,-0.209021029,-0.076923077,-0.116483516,-0.125274725,-0.274725275,-0.274725275,-0.437362637,0.037362637,0.243956044,-0.389010989,0.068131868,0.182417582,-0.164835165,-0.378411504,-0.309609412,-0.032455885,-0.204896799,-0.233999122,-0.084072648,-0.015591593,-0.022223594,-0.261169241,0.556656002,-0.280355933,-0.209021029,0.520879121,0.57401405,-0.068131868,-0.14585858,0.144129837
KCNH8,-0.19821946,0.683516484,0.573626374,-0.147252747,0.042805932,0.442732352,0.443712934,-0.636473802,-0.840484557,0.09010989,-0.349450549,-0.371428571,0.67032967,-0.132013281,0.134065934,0.257142857,0.120879121,-0.081318681,-0.081318681,-0.098901099,0.076923077,0.125274725,-0.331868132,-0.125274725,-0.085714286,-0.217582418,-0.309609412,-0.240807321,-0.447169974,-0.65138833,-0.690985644,-0.528772709,-0.525659408,0.502253226,-0.268227869,0.627063086,0.218545176,-0.136413724,0.12967033,0.538416279,-0.257142857,-0.134808687,-0.130825545
KCNJ1,-0.337289562,0.447169974,0.447169974,-0.259647082,0.362275342,0.393943596,0.347727958,-0.123290413,-0.223831091,0.180310473,0.375045785,0.375045785,-0.06491177,0.187729302,0.115398703,0.111792494,0.367833366,0.079336608,0.079336608,0.086549027,-0.169491845,-0.13342975,-0.13703596,0.090155237,0.191129102,0.346196109,0.112892213,0.112892213,0.165680473,-0.245877504,-0.246180784,-0.442887383,-0.425775541,0.452166442,-0.540492199,0.007220358,0.213707807,0.146212245,-0.223584987,-0.040156684,-0.198341521,0.388002182,-0.465707096
KCNJ10,0.311786644,0.195567628,0.120007408,-0.213346503,-0.011390586,0.279521115,0.718766116,-0.613417394,-0.29812395,0.575591087,0.391135256,0.464473117,0.26223841,0.442736313,-0.064448423,-0.126674486,-0.057781345,0.620038275,0.620038275,0.586702884,0.362244584,-0.593369962,-0.097783814,-0.344465708,-0.617815916,-0.217791222,0.104356281,0.34785427,0.154976401,0.13297026,0.048714589,-0.384791324,-0.448199335,0.556179775,-0.121337465,-0.114577488,0.459831739,-0.124589113,0.291129083,-0.034870663,0.028890672,0.148605671,-0.363229613
KCNJ11,-0.110121922,-0.226373626,-0.098901099,-0.12967033,0.110394245,0.253304579,0.395147339,0.083979182,0.242024349,0.727472527,0.494505495,0.446153846,0.226373626,0.79648013,0.2,0.015384615,0.173626374,0.718681319,0.718681319,0.613186813,0.182417582,-0.696703297,0.375824176,-0.081318681,0.063736264,0.09010989,0.378411504,0.447213595,0.281284339,0.284408989,0.374398596,0.017699505,0.053456889,0.077782579,-0.275286497,-0.321232318,0.549674231,-0.303630547,-0.147252747,-0.723079714,0.608791209,0.139228644,-0.126390781
KCNJ13,-0.14682923,-0.252747253,-0.063736264,0.23956044,0.047311819,-0.275331064,-0.443712934,0.649733673,0.58525888,-0.191208791,0.107692308,0.081318681,-0.547252747,-0.088008854,0.178021978,-0.336263736,-0.164835165,-0.327472527,-0.327472527,-0.208791209,-0.463736264,0.182417582,-0.024175824,0.525274725,0.41978022,0.564835165,0.378411504,-0.103203137,0.129823541,0.15596622,0.093599649,0.157083106,0.175962259,-0.246681894,0.032940265,-0.246424792,-0.271525825,0.497250026,-0.327472527,-0.193562877,-0.112087912,-0.083979182,-0.095347431
KCNJ14,0.122492372,0.321232318,0.541254453,-0.264026562,0.313503884,0.610805222,0.605528189,-0.453544263,-0.530837004,0.404840729,-0.270627226,-0.347634974,0.55225556,0.198237885,0.501650469,-0.37403763,-0.534653789,0.116611732,0.116611732,0.116611732,-0.118811953,-0.231023242,-0.547855117,0.176017708,-0.088008854,0.055005534,0.413266939,-0.378828027,-0.415170571,-0.511275066,-0.677966417,-0.677751254,-0.624350181,0.678565707,-0.206103266,0.404185022,0.433151551,0.433920705,0.063806419,0.355255881,-0.288228997,-0.413720864,-0.55051606
KCNJ15,0.073414615,-0.208791209,-0.142857143,0.279120879,-0.326676847,-0.242291337,0.068433338,0.214367913,0.510451354,0.30989011,0.591208791,0.6,-0.318681319,0.312431432,0.076923077,-0.217582418,-0.059340659,0.30989011,0.30989011,0.476923077,0.125274725,-0.441758242,0.116483516,-0.037362637,-0.252747253,0.468131868,0.378411504,0.447213595,0.328165062,0.492363949,0.294563601,-0.024336819,-0.160370667,-0.03778011,0.31528539,-0.506050911,0.236205393,0.226622799,-0.081318681,-0.420498664,-0.054945055,0.095029075,-0.192912244
KCNJ16,-0.075861769,0.16043956,0.235164835,0.327472527,-0.180235502,-0.096916535,0.006622581,-0.103868989,0.09680974,-0.112087912,0.116483516,0.217582418,-0.424175824,-0.189219036,0.279120879,-0.054945055,0.046153846,-0.072527473,-0.072527473,0.041758242,-0.283516484,0.164835165,0.068131868,-0.024175824,-0.393406593,0.072527473,0.034401046,0.378411504,0.086549027,-0.003058161,-0.06607034,-0.064160705,-0.077957963,0.175566393,0.334108399,-0.127612838,0.064018284,0.094609518,-0.578021978,-0.035597771,-0.248351648,0.260777461,-0.24169465
KCNJ2,-0.61423561,0.156043956,0.2,-0.134065934,0.159959008,-0.193833069,-0.169979582,0.318236901,0.1958197,0.173626374,0.534065934,0.468131868,-0.098901099,0.424642721,-0.27032967,0.648351648,0.683516484,0.191208791,0.191208791,-0.006593407,0.103296703,-0.314285714,0.27032967,0.134065934,0.503296703,0.243956044,-0.034401046,0.034401046,0.238009825,0.253827378,0.206469814,-0.097347277,-0.100231667,-0.286684364,-0.070586281,-0.193619479,-0.156734419,0.21122125,0.195604396,-0.509493091,0.046153846,0.486195266,0.24169465
KCNJ3,-0.4801701,0.083608411,-0.118811953,0.387238958,-0.510853451,-0.487321134,-0.16353681,0.108408141,0.20154185,0.008800885,0.510451354,0.479648255,0.004400443,0.0969163,-0.233223463,0.475247812,0.528053125,0.149615052,0.149615052,0.063806419,0.123212396,-0.09680974,0.545654896,0.024202435,0.125412617,0.334433646,-0.172194558,0.309950204,0.173288586,0.315337316,0.190161312,0.044297468,-0.076928862,-0.428275077,0.221413794,-0.004405286,-0.187846336,-0.455947137,0.116611732,-0.185980351,0.198019922,0.391596754,0.543856591
KCNJ4,0.054207251,0.284890548,0.284890548,0.010818628,0.168199266,0.068669067,0.239062971,-0.449647389,-0.277983774,-0.198341521,0.158673217,0.266859501,-0.227191197,-0.245492164,0.169491845,-0.212766359,-0.06491177,-0.13703596,-0.13703596,-0.292102967,-0.548143839,0.245222244,-0.028849676,0.306527805,-0.079336608,0.021637257,0.112892213,0.112892213,0.165680473,-0.245877504,-0.246180784,-0.333980649,-0.233902443,0.342771335,-0.279897746,0.305060115,-0.22095214,-0.205780196,-0.331771271,0.315777564,-0.090155237,0.55118067,-0.138256794
KCNJ6,-0.486983611,0.041758242,-0.12967033,0.028571429,-0.002252944,-0.317181386,-0.174394636,0.258567482,0.270627226,-0.015384615,0.556043956,0.525274725,-0.301098901,0.224422578,-0.437362637,0.367032967,0.468131868,0.261538462,0.261538462,0.063736264,-0.050549451,-0.098901099,0.648351648,0.195604396,0.169230769,0.292307692,-0.034401046,0.034401046,0.144248379,0.351688535,0.32209291,0.0464612,0.008909481,-0.308907958,-0.035293141,-0.149615052,-0.306846258,-0.266226784,0.186813187,-0.162414828,0.186813187,0.419895911,0.299346585
KCNJ8,-0.172691686,-0.325925001,-0.415835346,-0.002247759,0.023041536,-0.180217208,0.065473431,0.167255664,0.396040968,0.141608794,0.595656036,0.600151553,-0.24500569,0.299280958,0.051698448,-0.141608794,0.056193966,0.366384656,0.366384656,0.21353707,-0.132617759,-0.298951897,0.236014656,0.123626724,0.087662586,0.438312932,0.316646888,0.316646888,0.464710585,0.415980604,0.239317963,0.029415454,-0.056949972,-0.079550591,0.173257728,-0.265527467,-0.142235384,0.103510707,0.029220862,-0.022754321,0.334916035,0.343552175,0.05669459
KCNJ9,-0.41601615,0.551648352,0.512087912,0.015384615,-0.011264719,-0.187225124,-0.152319365,-0.008839914,-0.283828555,-0.054945055,-0.015384615,-0.046153846,0.2,-0.061606198,-0.296703297,0.437362637,0.349450549,-0.283516484,-0.283516484,-0.362637363,-0.041758242,0.134065934,-0.164835165,0.345054945,0.441758242,0.037362637,-0.240807321,-0.447213595,-0.281284339,-0.241594733,-0.327598771,-0.334078155,-0.340787667,-0.031113032,-0.239993357,0.347634974,-0.359826907,0.255225677,0.402197802,0.146840803,-0.274725275,0.006629935,0.268303236
KCNK1,0.597105533,-0.173626374,0.072527473,-0.081318681,0.205017884,0.295154901,0.17880969,-0.110498924,-0.107810846,0.085714286,-0.512087912,-0.52967033,0.151648352,-0.085808633,0.327472527,-0.78021978,-0.912087912,-0.134065934,-0.134065934,-0.041758242,-0.243956044,0.063736264,-0.415384615,0.292307692,-0.138461538,-0.134065934,0.447213595,-0.447213595,-0.375045785,-0.272176345,-0.261528431,-0.128321411,-0.022273704,0.326686833,-0.155289819,0.189219036,0.152319365,0.270627226,-0.01978022,0.255858976,-0.107692308,-0.656363609,-0.374737577
KCNK10,0.170264398,0.08140819,-0.008800885,-0.321232318,0.330419561,0.358324363,0.181216465,-0.141594306,-0.335903084,-0.052805312,-0.143014388,-0.198019922,0.288228997,-0.060572687,-0.132013281,0.008800885,-0.092409297,-0.011001107,-0.011001107,-0.136413724,-0.127612838,0.123212396,0.134213503,0.191419258,0.352035417,-0.136413724,0.103316735,-0.447705851,-0.328526278,-0.450044519,-0.232878708,-0.119603162,-0.034562242,0.150174378,-0.678374177,0.387665198,-0.019889612,-0.460352423,0.083608411,0.251685985,0.32563276,-0.087390236,0.150947952
KCNK13,-0.079855089,0.25869812,0.227961709,-0.315048205,0.322952581,0.19509318,0.326733035,-0.123626785,-0.017949308,0.197225299,0.745357948,0.755603419,-0.33041641,0.341036852,-0.28943453,0.227961709,0.391889231,0.381643761,0.381643761,0.27918906,0.028175043,-0.37139829,0.315048205,-0.017929573,-0.043543248,0.227961709,0.200458716,0.200458716,0.294192966,0.124741715,0.176457973,-0.342930464,-0.32967002,0.233098834,-0.441477139,-0.248726125,0.167225569,-0.169236333,-0.023052308,-0.342263071,-0.084525128,0.697976226,-0.271339571
KCNK15,-0.04884708,0.311963231,0.311963231,-0.531312377,0.695793535,0.329749242,0.151775809,-0.078422893,-0.190311843,-0.15110719,0.35583306,0.333898145,-0.428949442,0.053677699,-0.372893549,0.287591103,0.192539806,0.153544403,0.153544403,-0.063367531,-0.268093401,0.004874425,0.360707486,0.216911934,0.12429785,0.019497702,0.228890481,-0.419632549,-0.173958255,-0.247564328,-0.109901252,-0.374150053,-0.276640205,0.267392284,-0.481393537,0.023179006,-0.119951849,-0.012199477,-0.031683766,0.056746031,-0.148669977,0.514650235,-0.177042638
KCNK16,0.237451085,-0.233972423,-0.3826424,0.316837656,-0.291059055,-0.484853515,-0.489599384,0.156845786,0.278148078,-0.638549738,-0.082865233,0.043869829,-0.565433356,-0.613633698,-0.194977019,-0.170604892,-0.004874425,-0.50694025,-0.50694025,-0.387516826,-0.168167679,0.531312377,-0.004874425,-0.036558191,-0.099925722,-0.021934915,-0.305187308,0.228890481,0.335919389,0.213651407,0.279332349,0.45388695,0.429780318,-0.359808972,0.215257273,-0.135414196,-0.492047381,-0.165912888,-0.182790955,0.152967561,-0.116986212,0.232817964,0.223762223
KCNK2,0.095438999,0.195604396,-0.098901099,-0.156043956,0.123911908,-0.154185396,-0.315676366,-0.011049892,-0.213421471,-0.643956044,-0.182417582,-0.120879121,-0.279120879,-0.594059765,-0.564835165,0.094505495,0.142857143,-0.525274725,-0.525274725,-0.512087912,-0.081318681,0.564835165,-0.147252747,0.054945055,0.156043956,-0.103296703,-0.447213595,-0.378411504,-0.039668304,-0.174315187,-0.071576202,0.090709963,0.077957963,-0.093339095,-0.301168134,0.189219036,-0.584994664,-0.074807526,0.30989011,0.551765443,-0.283516484,0.121548816,0.175173187
KCNK4,-0.074912746,0.400619114,0.400619114,-0.516829239,0.611303288,0.570072265,0.19966004,-0.202956866,-0.52964423,-0.296641634,-0.058105062,-0.192664154,0.05198874,-0.205122332,-0.094802996,0.247711055,0.033639773,-0.162082542,-0.162082542,-0.284408989,-0.211013121,0.204896799,0.076454029,0.162082542,0.327223246,0.192664154,0.143603382,-0.622281321,-0.391396844,-0.634042553,-0.528623123,-0.501799822,-0.396710938,0.241201868,-0.559843868,0.443921465,0.039932008,-0.168384004,-0.045872418,0.352922572,-0.333339568,0.255233634,-0.169697325
KCNK5,-0.339384126,0.074279658,-0.084525128,-0.233084444,0.157537844,0.033371202,-0.084899135,-0.010302232,-0.08974654,-0.26894359,0.294557265,0.274066325,-0.110138803,-0.076925606,-0.156243419,0.673639658,0.648025983,0.012806838,0.012806838,-0.135752479,0.130629744,0.033297778,0.207470769,-0.315048205,0.253575385,0.069156923,-0.280642203,0.200458716,0.294192966,-0.024948343,0.012833307,0.020627396,-0.018170788,-0.191659041,0.076778633,-0.028206055,-0.115771548,-0.143594464,-0.079402393,-0.028521923,0.038420513,0.677371762,0.261002825
KCNK6,-0.288764151,-0.072527473,-0.024175824,-0.125274725,0.060829482,-0.198238366,-0.103753771,-0.090609118,-0.149615052,0.094505495,-0.287912088,-0.323076923,0.437362637,0.184818594,-0.010989011,-0.006593407,-0.032967033,-0.032967033,-0.032967033,-0.296703297,0.156043956,-0.098901099,-0.371428571,0.054945055,0.134065934,-0.169230769,-0.309609412,-0.103203137,0.223584987,0.272176345,0.090846718,0.030974134,0.100231667,-0.251126613,0.249404861,0.200220143,-0.306846258,0.288228997,0.630769231,0.131266779,-0.076923077,-0.075139268,0.15743413
KCNK7,0.033972216,-0.030510632,-0.063368236,0.166634991,-0.072175676,0.089381584,-0.016501496,0.195877877,0.22790684,-0.161941048,0.298065407,0.326229067,-0.377862445,-0.206760845,0.246432029,0.025816689,0.152553161,-0.115001614,-0.115001614,0.09622584,-0.246432029,0.133777387,0.1243895,-0.007040915,0.161941048,0.377862445,0.257151425,0.257151425,0.077019411,-0.21227213,-0.152868462,0.014175606,-0.073734949,0.121032979,-0.085427405,-0.169167964,0.143798752,-0.00939822,-0.668886936,-0.068900134,0.100919783,0.210037723,-0.073404297
KCNK9,-0.514964452,0.121128957,-0.044046894,-0.242257915,0.172142017,0.067595531,-0.105074257,-0.067820475,-0.203941117,-0.29181067,0.082587926,0.030282239,0.011011723,-0.074410948,-0.159669989,0.660703404,0.638679957,0.008258793,0.008258793,-0.187199298,0.176187574,0.110117234,0.256022569,-0.368892734,0.110117234,0.013764654,-0.47399202,0.172360735,0.252956402,0.026814216,0.063793103,0.067895957,0.083699024,-0.270018008,0.142937929,0.068899026,-0.096778921,-0.304533695,0.005505862,0.034835298,-0.082587926,0.60346382,0.183312118
KCNMA1,-0.641154302,-0.046153846,0.015384615,0.191208791,0.058576538,-0.099119183,-0.192054852,0.408846019,0.365236745,-0.09010989,0.358241758,0.305494505,-0.349450549,0.072607305,0.314285714,-0.028571429,0.30989011,-0.098901099,-0.098901099,-0.120879121,-0.428571429,0.09010989,0.230769231,0.327472527,0.402197802,0.740659341,0.172005229,0.309609412,0.40750167,0.15596622,0.085340856,0.03539901,0.066821111,-0.211124144,-0.061174777,-0.121012174,-0.090508608,0.006600664,-0.498901099,-0.224710927,-0.006593407,0.411055997,-0.130825545
KCNN1,0.239710915,0.430571361,0.277123057,-0.32979934,0.250033758,0.482017918,0.349661894,-0.305142437,-0.533074636,0.091610928,-0.226737046,-0.217575954,0.313767428,-0.083686986,-0.231317593,0.036644371,-0.043515191,-0.00687082,-0.00687082,0.087030381,0.087030381,0.084740108,-0.183221856,-0.034354098,-0.00687082,-0.297735515,-0.071696892,-0.466029796,-0.537385166,-0.576816443,-0.405929328,-0.297412713,-0.305222734,0.538438295,-0.666909093,0.291184855,0.18863339,-0.118078898,0.192382948,0.383706805,-0.018322186,-0.363867962,-0.187164831
KCNN2,-0.045322178,0.380638294,0.112211289,0.072607305,-0.196221855,-0.059536971,-0.004419914,-0.216816282,-0.407488987,-0.187018815,-0.279428112,-0.283828555,0.319032096,-0.332599119,-0.29262944,0.094609518,-0.013201328,-0.250825234,-0.250825234,-0.209021029,0.035203542,0.321232318,-0.121012174,0.105610625,0.03300332,-0.088008854,-0.309950204,-0.447705851,-0.469323254,-0.34595259,-0.394102429,-0.176082434,-0.256429539,0.105678266,-0.174304476,0.45814978,-0.251935086,-0.145374449,0.413641614,0.637010545,-0.127612838,-0.346242328,0.233081396
KCNN3,-0.550609611,0.252747253,0.186813187,-0.024175824,0.198259052,0.085903292,0.227375284,0.013259871,0.035203542,0.076923077,0.705494505,0.648351648,-0.191208791,0.21122125,0.116483516,0.103296703,0.327472527,0.208791209,0.208791209,0.01978022,-0.463736264,-0.112087912,0.410989011,0.450549451,0.375824176,0.727472527,0.378411504,0.103203137,0.198341521,-0.070337707,-0.181693436,-0.429212994,-0.432109852,0.137786283,-0.376460167,0.127612838,-0.077263446,-0.200220143,-0.261538462,0.035597771,0.116483516,0.62542391,-0.055434553
KCNQ1,-0.163445992,0.15596622,0.119268286,-0.302757956,0.253925981,0.358593844,0.297954214,-0.181431138,-0.211245387,-0.015290806,0.443433371,0.345572213,0.033639773,0.107153457,0.039756095,0.327223246,0.327223246,0.174315187,0.174315187,0.070337707,0.058105062,-0.198780476,0.223245766,-0.15596622,0.180431509,0.382270147,0.143603382,0.143603382,0.210752147,-0.14893617,-0.134071082,-0.33555939,-0.325426942,0.064938964,-0.275011023,0.076538184,0.261093899,-0.352075644,-0.162082542,-0.108353421,-0.076454029,0.642696742,-0.095647583
KCNQ2,0.280507533,0.233223463,0.072607305,-0.074807526,-0.022554236,0.276736662,0.132597414,-0.466818729,-0.636563877,-0.32563276,-0.732673711,-0.737074153,0.435643828,-0.540748899,0.030803099,-0.189219036,-0.396039844,-0.360836302,-0.360836302,-0.29262944,0.002200221,0.475247812,-0.354235638,-0.118811953,-0.233223463,-0.332233424,-0.309950204,-0.447705851,-0.51625558,-0.554136449,-0.52638856,-0.127355219,-0.113720926,0.254740241,-0.075374909,0.59030837,-0.03535931,-0.22246696,0.17821793,0.827445516,-0.24422457,-0.467924935,-0.03107752
KCNQ3,-0.391975591,0.616061979,0.409241172,0.09680974,-0.016915677,-0.011025365,-0.070718621,-0.048673043,-0.302863436,-0.228823021,0.04840487,0.035203542,-0.039603984,-0.257709251,-0.343234531,0.523652682,0.409241172,-0.154015495,-0.154015495,-0.191419258,-0.264026562,0.387238958,0.448845156,0.310231211,0.231023242,0.013201328,-0.172194558,-0.447705851,-0.610120231,-0.499028957,-0.39685839,-0.261355059,-0.282072492,0.107903071,-0.381585475,0.400881057,-0.245305215,-0.356828194,-0.068206862,0.312936998,-0.008800885,0.057522687,0.304115727
KCNQ4,-0.119179369,0.2599437,0.021407128,0.045872418,-0.231981761,-0.202283707,-0.175086497,-0.212182178,-0.303091207,-0.388386469,-0.064221385,-0.015290806,0.113151964,-0.404121609,-0.272176345,0.449549693,0.480131305,-0.382270147,-0.382270147,-0.376153825,0.223245766,0.296641634,-0.186547832,-0.284408989,0.119268286,-0.131500931,-0.622281321,0.143603382,0.210752147,-0.089361702,-0.068950842,0.052334951,0,-0.204093888,-0.009821822,0.211245387,-0.279524057,-0.247983715,0.186547832,0.204323594,-0.198780476,0.372087587,0.342480056
KCNQ5,-0.367073074,0.006593407,-0.09010989,0.085714286,-0.08335892,-0.174009233,-0.227375284,0.209947956,0.160616159,-0.336263736,0.221978022,0.138461538,-0.318681319,-0.17821793,-0.09010989,0.028571429,0.164835165,-0.191208791,-0.191208791,-0.134065934,-0.002197802,0.12967033,0.094505495,-0.024175824,0.002197802,0.657142857,-0.103203137,0.103203137,0.292102967,0.2599437,0.079834995,-0.022124381,-0.080185333,-0.313352677,0.237640481,-0.099009961,-0.139074203,0.006600664,0.032967033,0.093444148,-0.498901099,0.318236901,-0.130825545
KCNS1,0.494325073,-0.186813187,0.01978022,0.252747253,-0.0360471,0.004405297,-0.139074203,0.103868989,0.127612838,-0.112087912,-0.41978022,-0.362637363,-0.120879121,-0.268427005,0.248351648,-0.428571429,-0.52967033,-0.265934066,-0.265934066,-0.16043956,-0.432967033,0.336263736,0.054945055,0.367032967,0.054945055,-0.30989011,0.309609412,-0.240807321,-0.400289251,-0.314990601,-0.085340856,0.203544306,0.325196074,0.064448423,-0.199994464,0.132013281,-0.028697851,-0.151815273,-0.485714286,-0.051171795,0.283516484,-0.428735825,0.082043138
KCNS2,-0.404224829,0.354235638,0.143014388,-0.286028776,0.36086778,-0.024255803,-0.29171431,0.201329405,-0.095814978,-0.499450247,0.248625013,0.250825234,-0.433443607,-0.292951542,-0.486248919,0.558856224,0.660066406,-0.332233424,-0.332233424,-0.398240065,-0.147414831,0.352035417,0.110011068,0.092409297,0.484048698,0.206820807,-0.309950204,-0.241072381,0.092059561,-0.186753168,-0.081300851,-0.069768511,-0.078043773,-0.097891446,-0.391007338,0.022026432,-0.446411293,0.068281938,0.030803099,0.16482091,-0.250825234,0.548677938,0.11765061
KCNS3,-0.276528382,0.134065934,0.028571429,0.103296703,-0.223041434,-0.196035718,-0.275940879,0.201108042,0.118811953,-0.134065934,0.208791209,0.208791209,-0.178021978,-0.03300332,-0.349450549,0.652747253,0.696703297,-0.050549451,-0.050549451,0.046153846,0.367032967,0.01978022,0.318681319,-0.38021978,0.028571429,-0.032967033,-0.447213595,0.309609412,0.173098055,0.186547832,0.32209291,0.24558063,0.198235963,-0.364466943,0.058821901,-0.264026562,0.055188176,-0.312431432,-0.076923077,-0.478345042,-0.094505495,0.360226492,0.219520829
KCNU1,0.050055561,0.258492242,0.132617759,0.222528104,-0.329493962,-0.132910191,-0.020319341,-0.386496197,-0.279028864,-0.406844311,-0.051698448,0.024725345,-0.087662586,-0.510802839,0.042707414,0.168581897,0.173077414,-0.348402587,-0.348402587,-0.249501208,0.047202931,0.316933966,-0.182068449,-0.312438449,-0.307942932,-0.024725345,-0.387012864,0.316646888,0.177032604,-0.115723927,-0.191454371,-0.090509089,-0.145791929,-0.002272874,0.291169237,0.171017691,-0.079019658,-0.193520018,-0.177572932,0.270776424,-0.429321898,0.406838102,0.043087888
KCNV1,0.039154461,0.52967033,0.578021978,0.178021978,-0.0360471,0.16299599,0.183224744,-0.373486363,-0.433443607,-0.213186813,-0.221978022,-0.248351648,0.002197802,-0.391639401,0.138461538,-0.186813187,-0.362637363,-0.274725275,-0.274725275,-0.213186813,-0.41978022,0.367032967,0.006593407,0.371428571,-0.226373626,0.147252747,0.172005229,-0.447213595,-0.6094494,-0.541294528,-0.624915303,-0.537622461,-0.492248852,0.360022224,-0.119996678,0.525852903,-0.002207527,-0.123212396,-0.195604396,0.513942812,-0.503296703,-0.13038873,-0.210651301
KCNV2,-0.176252714,-0.071576202,-0.118376027,-0.410186697,0.289255029,0.146227067,0.094013809,0.297579636,0.286619949,0.267034293,0.781832362,0.699244436,-0.275293085,0.541546345,-0.412939628,0.605644787,0.594633064,0.564350824,0.564350824,0.503786346,0.429457213,-0.591880133,0.492774622,-0.32484584,0.143152404,0.242257915,0.172360735,0.172360735,0.252956402,0.321770597,0.386206897,-0.037412058,-0.121363584,-0.112739478,-0.109045431,-0.559460092,0.290336762,0.013779805,0.115623096,-0.63260901,0.132140681,0.506577427,-0.019442194
MCOLN1,-0.709674609,0.41978022,0.327472527,-0.107692308,0.166717839,0.10352448,0.028697851,0,-0.213421471,0.098901099,0.186813187,0.173626374,0.169230769,0.189219036,-0.063736264,0.630769231,0.767032967,0.068131868,0.068131868,-0.098901099,-0.059340659,0.01978022,0.226373626,0.046153846,0.415384615,0.010989011,-0.309609412,0.103203137,0.057699352,-0.180431509,-0.077082064,-0.106197029,-0.06236637,0.013334156,-0.374107291,0.158415937,-0.041943014,-0.224422578,-0.112087912,-0.155740246,0.186813187,0.39337617,0.152999366
MCOLN2,0.41601615,0.032967033,0.178021978,-0.468131868,0.506912349,0.427313812,0.165564528,-0.112708903,-0.248625013,-0.191208791,-0.169230769,-0.226373626,-0.076923077,-0.202420365,0.112087912,-0.367032967,-0.472527473,-0.283516484,-0.283516484,-0.195604396,-0.072527473,0.024175824,-0.661538462,0.050549451,0.094505495,0.208791209,0.309609412,-0.447213595,-0.046880723,-0.314990601,-0.399174973,-0.38717667,-0.354151889,0.33779863,-0.195288712,0.08140819,0.068433338,0.640264414,0.125274725,0.349303123,-0.591208791,-0.079559225,-0.516650033
MCOLN3,-0.255949594,-0.330351702,-0.178940505,-0.046799824,0.087482009,-0.182094084,-0.210148514,0.40553876,0.424418001,0.206469814,0.360633941,0.300069463,-0.060564479,0.439575787,-0.016517585,0.418445489,0.357881011,0.294563601,0.294563601,0.093599649,0.082587926,-0.346869287,0.412939628,0.046799824,0.445974798,0.03303517,0.172360735,0.172360735,0.252956402,0.321770597,0.386206897,0.238328666,0.274811795,-0.43008023,0.116413365,-0.286619949,-0.024886008,0.004133942,-0.068823271,-0.679985015,0.481762899,0.308652367,0.397176255
PKD2,0.283869844,-0.186813187,-0.287912088,0.107692308,-0.34019451,-0.17841453,0.169979582,-0.260777461,0.026402656,0.213186813,-0.063736264,0.037362637,0.138461538,0.083608411,0.010989011,-0.463736264,-0.265934066,0.134065934,0.134065934,0.257142857,0.397802198,-0.235164835,-0.494505495,-0.397802198,-0.635164835,-0.138461538,-0.240807321,0.447213595,0.421926508,0.480131305,0.272540154,0.126108972,0.022273704,0.097783814,0.407047556,-0.242024349,0.099338717,0.217821914,0.41978022,0.142391082,-0.191208791,-0.205527999,-0.281607529
PKD2L1,-0.030033337,0.321429484,0.191059483,-0.357393622,0.223502897,0.509113613,0.602807104,-0.476904664,-0.411792597,0.379871208,0.249501208,0.303447415,0.253996725,0.306031657,0.020229828,0.262987759,0.352898104,0.465286036,0.465286036,0.424826381,0.253996725,-0.334916035,-0.01573431,-0.438312932,-0.285465346,-0.249501208,-0.105548963,0.316646888,0.081139943,-0.190788097,-0.109804713,-0.280578175,-0.312085848,0.556854137,-0.303201024,-0.031503259,0.467344834,-0.191269785,-0.056193966,-0.002275432,0.141608794,0.26896519,-0.31522192
PKD2L2,-0.467016579,0.735106502,0.695371016,-0.03752796,0.126723106,0.289823718,0.254988914,-0.195338633,-0.464090948,0.064018284,0.112583879,0.019867743,0.22296023,-0.013259741,0.002207527,0.346581744,0.240620447,-0.046358068,-0.046358068,-0.068433338,-0.245035501,0.094923662,0.125829041,0.355411852,0.258280663,0.32009142,0.103659791,-0.449192426,-0.565057931,-0.592836735,-0.655331549,-0.655557174,-0.662218908,0.363847444,-0.437208105,0.479560646,0.082039911,-0.055248922,-0.050773122,0.286042269,-0.267110771,0.024417329,-0.082406163
RYR2,-0.87608107,0.323076923,0.265934066,0.142857143,-0.099129526,-0.110132426,0.0816785,0.024309763,0.008800885,0.169230769,0.520879121,0.450549451,0.063736264,0.286028776,0.156043956,0.415384615,0.586813187,0.191208791,0.191208791,0.041758242,-0.103296703,-0.186813187,0.243956044,0.134065934,0.230769231,0.6,-0.034401046,0.309609412,0.266859501,0.131500931,-0.110117234,-0.311953774,-0.369743482,-0.077782579,0.122349554,0.070407083,-0.015452689,0,-0.072527473,-0.093444148,-0.076923077,0.514924986,0.037695496
RYR3,-0.357677727,0.006600664,-0.028602878,0.369637187,-0.216520668,-0.367144655,-0.02872944,0.140488101,0.412995595,0.165016602,0.697470169,0.765677031,-0.409241172,0.268722467,-0.030803099,0.24422457,0.391639401,0.38943918,0.38943918,0.217821914,-0.352035417,-0.134213503,0.816282122,0.308030989,0.024202435,0.176017708,0.241072381,0.413266939,0.16065296,0.272475933,0.285241968,0.047619778,0.027872776,-0.117914697,0.056531181,-0.18722467,-0.148067112,-0.400881057,-0.411441393,-0.388665525,0.525852903,0.530978649,0.335193246
SCN10A,-0.381755997,0.213186813,0.257142857,-0.081318681,0.092370695,0.464758837,0.646805421,-0.289507181,-0.149615052,0.481318681,0.49010989,0.41978022,0.204395604,0.437844049,0.56043956,-0.09010989,0.094505495,0.481318681,0.481318681,0.476923077,-0.046153846,-0.472527473,-0.015384615,-0.107692308,-0.182417582,0.608791209,0.378411504,0.447213595,0.234403615,-0.05198874,-0.29181067,-0.539834899,-0.601390001,0.480029632,0.004705752,-0.013201328,0.598239826,0.057205755,-0.314285714,-0.013349164,-0.098901099,0.302767052,-0.569867203
SCN11A,0.034260154,0.041758242,0.054945055,-0.665934066,0.642088976,0.779737574,0.55850434,-0.161328429,-0.264026562,0.195604396,0.208791209,0.085714286,0.09010989,0.264026562,0.208791209,-0.243956044,-0.169230769,0.287912088,0.287912088,0.30989011,0.098901099,-0.358241758,-0.305494505,-0.204395604,-0.032967033,0.485714286,0.378411504,-0.103203137,0.129823541,-0.186547832,-0.280798947,-0.46903688,-0.481112,0.508920305,-0.32704977,-0.070407083,0.505523691,0.305830768,0.046153846,0.226935787,-0.327472527,0.097239053,-0.778301122
SCN1A,0.105227615,0.024175824,0.059340659,-0.120879121,0.085611863,0.028634431,-0.315676366,0.143648601,-0.202420365,-0.252747253,-0.723076923,-0.749450549,0.265934066,-0.323432539,-0.081318681,-0.107692308,-0.169230769,-0.573626374,-0.573626374,-0.428571429,0.151648352,0.345054945,-0.657142857,-0.01978022,0.261538462,-0.230769231,-0.378411504,-0.447213595,-0.187522892,-0.211013121,-0.151411197,0.172570173,0.220509667,-0.120007408,-0.122349554,0.184818594,-0.17880969,0.385038737,0.336263736,0.23806009,-0.340659341,-0.556914577,-0.033260732
SCN2A,0.012235769,0.459340659,0.292307692,-0.120879121,0.038300044,0.381058193,0.214130122,-0.42210589,-0.695269948,-0.221978022,-0.534065934,-0.564835165,0.481318681,-0.433443607,0.072527473,-0.046153846,-0.116483516,-0.384615385,-0.384615385,-0.274725275,-0.002197802,0.393406593,-0.446153846,-0.068131868,-0.002197802,-0.063736264,-0.309609412,-0.378411504,-0.414714089,-0.639155686,-0.635927026,-0.311953774,-0.316286593,0.351132787,-0.329402646,0.591859544,0.05960323,-0.136413724,0.125274725,0.723079714,-0.349450549,-0.318236901,-0.161868894
SCN3A,-0.128627462,-0.283655587,-0.121239888,-0.372869844,0.406846782,0.139847945,0.174622691,0.226571525,0.32175385,0.565023628,0.500972367,0.491822187,-0.022875451,0.775186323,-0.00915018,0.178428514,0.297380857,0.61534962,0.61534962,0.393457749,0.155553064,-0.656525431,0.205879055,-0.045750901,0.247054866,-0.082351622,0.28644595,0.28644595,0.420387724,0.378781173,0.47134864,0.092111144,0.153009159,-0.003469658,-0.192242656,-0.461447693,0.218278364,0.17633485,0.038888266,-0.72018531,0.523847817,0.302478737,-0.057698112
SCN4A,-0.102391474,0.602236981,0.602236981,0.223584987,-0.118293989,0.368644466,0.503481105,-0.6055735,-0.563187905,0.075730399,-0.043274514,0.003606209,0.292102967,-0.213000554,0.515687954,-0.003606209,0.010818628,-0.072124189,-0.072124189,-0.032455885,-0.421926508,0.212766359,-0.025243466,0.158673217,-0.115398703,0.032455885,0.112892213,0.112892213,-0.334319527,-0.707525064,-0.704664263,-0.542718555,-0.515316321,0.608966095,-0.314643673,0.563187905,0.286151132,-0.38628914,-0.6094494,0.348633033,-0.018031047,0.141421356,-0.167363488
SCN5A,-0.418705337,0.172808737,0.017037481,0.009735703,-0.23328172,-0.171970146,-0.026891651,-0.219043224,-0.237568981,-0.165506959,0.1411677,0.073017776,0.260430068,-0.082844568,-0.063282073,0.438106657,0.401597769,-0.080319554,-0.080319554,-0.177676589,0.340749622,-0.055980295,-0.138733775,-0.326146067,0.009735703,0.270165772,-0.419066625,0.228581795,0.335466362,0.165949212,-0.091460864,-0.165384059,-0.257767092,-0.281798402,0.412997153,0.165689135,-0.105121907,-0.035330771,0.355353177,0.174936289,-0.374824584,0.446652385,0.19644875
SCN8A,0.132146307,0.292307692,0.204395604,0.279120879,-0.117153076,-0.288546955,-0.479033366,0.015469849,-0.158415937,-0.652747253,-0.507692308,-0.397802198,-0.318681319,-0.741474596,-0.323076923,0.142857143,0.015384615,-0.657142857,-0.657142857,-0.6,-0.402197802,0.837362637,0.147252747,0.301098901,0.068131868,-0.468131868,-0.378411504,-0.447213595,-0.515687954,-0.425084403,-0.173434644,0.207969183,0.291785519,-0.115562689,-0.178818579,0.347634974,-0.55850434,-0.286028776,-0.217582418,0.33817882,-0.098901099,-0.128178752,0.38804187
SCN9A,-0.173747922,0.512087912,0.384615385,-0.582417582,0.479877024,0.702644876,0.598239826,-0.468515438,-0.673267734,0.186813187,0.059340659,-0.024175824,0.397802198,0.158415937,-0.028571429,0.156043956,0.142857143,0.213186813,0.213186813,0.156043956,0.169230769,-0.191208791,-0.243956044,-0.2,-0.050549451,0.12967033,-0.034401046,-0.240807321,-0.165885636,-0.431200726,-0.476257037,-0.610632919,-0.616981593,0.580035806,-0.479986713,0.288228997,0.364241961,0.013201328,0.252747253,0.409374361,-0.327472527,0.103868989,-0.494476211
TPCN1,-0.05139023,0.437362637,0.402197802,0.301098901,-0.166717839,-0.394274084,-0.275940879,-0.055249462,-0.16281638,-0.191208791,-0.112087912,-0.024175824,-0.028571429,-0.266226784,-0.397802198,0.331868132,0.195604396,-0.30989011,-0.30989011,-0.450549451,-0.384615385,0.428571429,0.340659341,0.591208791,0.336263736,-0.446153846,-0.172005229,-0.447213595,-0.515687954,-0.339455891,-0.140399473,-0.042036324,0.051229519,-0.091116736,-0.430576316,0.437844049,-0.55850434,-0.382838515,0.032967033,0.037822631,0.248351648,0.006629935,0.649692959
TRPA1,-0.374414535,0.138461538,0.015384615,-0.182417582,0.254582647,-0.16299599,-0.134659149,0.287297202,0.250825234,0.010989011,0.701098901,0.696703297,-0.468131868,0.297029883,-0.6,0.595604396,0.661538462,0.327472527,0.327472527,0.107692308,-0.059340659,-0.156043956,0.771428571,0.182417582,0.292307692,0.103296703,0.034401046,-0.034401046,0.090155237,0.217129443,0.368892734,0.011062191,0.020046333,-0.193345269,-0.345872779,-0.261826341,-0.245035501,-0.286028776,0.054945055,-0.409374361,0.279120879,0.609954061,0.286042293
TRPC1,-0.579975457,-0.116483516,-0.107692308,0.173626374,-0.009011775,-0.226872797,-0.028697851,0.298347095,0.464246706,0.138461538,0.749450549,0.714285714,-0.375824176,0.358636081,0.12967033,0.037362637,0.349450549,0.301098901,0.301098901,0.138461538,-0.314285714,-0.235164835,0.525274725,0.30989011,0.230769231,0.701098901,0.309609412,0.447213595,0.515687954,0.425084403,0.294563601,-0.030974134,-0.040092667,-0.217791222,0.025881637,-0.246424792,-0.090508608,-0.145214609,-0.287912088,-0.358202566,0.217582418,0.618793975,0.011086911
TRPC3,-0.144382076,-0.367032967,-0.30989011,0.028571429,-0.002252944,0.112335074,0.152319365,0.20331802,0.347634974,0.156043956,0.318681319,0.248351648,-0.112087912,0.21122125,0.503296703,-0.503296703,-0.204395604,0.142857143,0.142857143,0.257142857,-0.046153846,-0.287912088,-0.230769231,-0.059340659,-0.01978022,0.797802198,0.378411504,0.447213595,0.562568677,0.333339568,0.068823271,-0.037611448,-0.120278,0.017778875,0.249404861,-0.301430325,0.275940879,0.332233424,-0.2,-0.031148049,-0.12967033,0.086189161,-0.485606683
TRPC4,-0.345048689,0.002197802,-0.050549451,-0.169230769,0.392012217,0.10352448,-0.271525825,0.386746234,0.140814167,-0.547252747,0.226373626,0.120879121,-0.494505495,-0.323432539,0.015384615,0.147252747,0.173626374,-0.323076923,-0.323076923,-0.362637363,-0.472527473,0.362637363,0.221978022,0.327472527,0.582417582,0.696703297,0.240807321,-0.309609412,0.014424838,-0.253827378,-0.261528431,-0.108409467,-0.106913778,-0.14889808,-0.174112827,0.074807526,-0.302431204,0.121012174,-0.349450549,0.260308697,-0.178021978,0.39337617,0.002217382
TRPC5,-0.105227615,0.358241758,0.353846154,-0.094505495,0.164464896,0.306168144,0.403977447,-0.340336686,-0.321232318,0.054945055,0.2,0.116483516,0.041758242,0.026402656,0.107692308,-0.032967033,-0.208791209,0.217582418,0.217582418,0.120879121,-0.257142857,-0.059340659,0.243956044,0.230769231,-0.191208791,0.323076923,0.378411504,-0.309609412,-0.40750167,-0.327223246,-0.48451583,-0.610632919,-0.619208964,0.382245818,-0.054116149,0.327832982,0.152319365,-0.09680974,-0.054945055,0.393800337,-0.23956044,0.10165901,-0.223955594
TRPC6,0.100111122,0.204546035,0.285465346,-0.370880173,0.417051798,0.511366328,0.151266202,-0.006780635,-0.209271648,-0.267483277,0.101149138,-0.01573431,-0.21353707,-0.22727351,0.123626724,0.110140173,-0.056193966,-0.191059483,-0.191059483,-0.042707414,-0.056193966,0.047202931,-0.195555001,-0.092158104,0.146104311,0.465286036,0.316646888,-0.316646888,-0.177032604,-0.453512689,-0.492713454,-0.448019989,-0.476101768,0.270472009,-0.137162368,0.033753492,0.273182246,0.351036312,-0.258492242,0.179759138,-0.582169484,0.192117993,-0.4286111
TRPM1,-0.119242944,0.591443986,0.425937027,-0.355353177,0.380486227,0.168311207,-0.036670433,-0.320610753,-0.601841418,-0.501388729,-0.163073033,-0.158205182,-0.080319554,-0.436152283,-0.481917322,0.384560288,0.296938956,-0.389428139,-0.389428139,-0.520860136,-0.119262368,0.457578064,-0.036508888,0.077885628,0.128998071,-0.18254444,-0.419066625,-0.495260557,-0.233628359,-0.443660138,-0.310966939,-0.307491844,-0.212133684,0.119364389,-0.488561301,0.43493398,-0.359370239,-0.222949351,0.22392118,0.455819907,-0.474615545,0.37445378,0.019644875
TRPM2,0,-0.010989011,-0.068131868,-0.230769231,0.484382912,0.096916535,-0.0816785,0.311606966,0.290429219,-0.226373626,0.507692308,0.542857143,-0.767032967,-0.026402656,-0.283516484,0.081318681,0.191208791,0.098901099,0.098901099,0.01978022,-0.476923077,0.12967033,0.56043956,0.340659341,0.257142857,0.213186813,0.378411504,-0.172005229,-0.018031047,-0.094802996,0.112870165,-0.004424876,0.031183185,0.117785049,-0.468222333,-0.242024349,-0.218545176,-0.079207969,-0.397802198,-0.077870123,0.226373626,0.435365761,-0.050999789
TRPM3,-0.655837225,0.27032967,0.16043956,0.085714286,-0.196006108,-0.251101931,-0.002207527,0.011049892,0.013201328,0.09010989,0.582417582,0.516483516,0.063736264,0.228823021,-0.125274725,0.49010989,0.626373626,0.112087912,0.112087912,-0.002197802,0.178021978,-0.257142857,0.125274725,-0.024175824,0.226373626,0.534065934,-0.172005229,0.309609412,0.40750167,0.284408989,0.044046894,-0.256642821,-0.349697148,-0.242237176,0.122349554,-0.015401549,-0.090508608,-0.015401549,0.23956044,-0.177988853,-0.204395604,0.594484211,0.161868894
TRPM4,-0.113917906,0.301430325,0.215621693,-0.303630547,0.413870235,0.353914217,0.468510861,-0.289825846,-0.161894273,0.206820807,0.600660429,0.664466849,-0.248625013,0.280837004,-0.092409297,0.220022135,0.352035417,0.481848476,0.481848476,0.281628333,-0.25962612,-0.202420365,0.481848476,0.068206862,-0.074807526,-0.022002214,0.241072381,0.172194558,0.06498322,-0.168384004,-0.02618163,-0.332231007,-0.288761959,0.4772208,-0.508780633,-0.039647577,0.148067112,-0.354625551,-0.316831875,-0.073501217,0.299230104,0.627218529,-0.186465117
TRPM6,-0.454726669,0.03752796,-0.103753771,-0.090508608,0.015840388,0.030973527,0.210643016,0.150943489,0.232045474,0.333336582,0.792502205,0.748351664,-0.108168825,0.479560646,-0.072848392,0.373072069,0.545259177,0.523183907,0.523183907,0.46137315,0.156734419,-0.479033366,0.377487123,-0.125829041,0.121413987,0.492278529,0.172766318,0.380085899,0.322372794,0.267237285,0.146550937,-0.153333712,-0.295313838,0.033482894,-0.002363287,-0.32707362,0.197339246,0.004419914,-0.011037635,-0.277103448,0.227375284,0.446171196,-0.020044742
TRPM7,-0.398886074,0.446153846,0.252747253,-0.125274725,0.117153076,0.125550965,-0.024282797,0.033149677,-0.299230104,-0.23956044,0.063736264,-0.041758242,0.094505495,-0.209021029,-0.221978022,0.283516484,0.265934066,-0.252747253,-0.252747253,-0.235164835,-0.085714286,0.230769231,-0.002197802,0.208791209,0.397802198,0.450549451,-0.103203137,-0.447213595,-0.281284339,-0.370037502,-0.437716005,-0.353990098,-0.412063519,0.048891907,-0.364695787,0.345434752,-0.165564528,-0.017601771,0.2,0.422723525,-0.314285714,0.039779613,0.033260732
TRPM8,-0.190877998,0.507692308,0.252747253,0.27032967,-0.351459229,-0.425111163,-0.214130122,-0.258567482,-0.354235638,-0.393406593,-0.107692308,-0.081318681,0.072527473,-0.451045377,-0.494505495,0.327472527,0.182417582,-0.353846154,-0.353846154,-0.437362637,-0.072527473,0.441758242,0.147252747,0.23956044,-0.010989011,-0.107692308,-0.447213595,-0.378411504,-0.367833366,-0.174315187,-0.253269638,-0.18805724,-0.229419148,-0.160009877,0,0.501650469,-0.55850434,-0.330033203,0.424175824,0.511717951,-0.274725275,0.070719311,0.498910976
TRPV1,-0.557951072,0.292307692,0.235164835,-0.028571429,0.234306153,0.088105941,0.130244095,0.125968773,0.110011068,0.050549451,0.775824176,0.753846154,-0.340659341,0.21122125,0.010989011,0.393406593,0.604395604,0.217582418,0.217582418,0.050549451,-0.450549451,-0.072527473,0.613186813,0.375824176,0.472527473,0.538461538,0.309609412,0.172005229,0.158673217,-0.137617253,-0.077082064,-0.294254269,-0.280648667,0.100006173,-0.496456846,0.002200221,-0.046358068,-0.316831875,-0.485714286,-0.233610369,0.283516484,0.753602662,0.068738846
TRPV2,0.11501623,0.305494505,0.186813187,-0.538461538,0.479877024,0.590309802,0.536429069,-0.47956533,-0.464246706,0.147252747,0.138461538,0.191208791,0.032967033,0.145214609,-0.134065934,0.116483516,0.2,0.331868132,0.331868132,0.257142857,0.134065934,-0.16043956,-0.006593407,-0.362637363,-0.336263736,-0.287912088,-0.103203137,0.103203137,0.057699352,-0.223245766,-0.06331741,-0.26991745,-0.222737037,0.557812212,-0.454105077,-0.011001107,0.337751636,-0.233223463,-0.024175824,0.120142476,-0.050549451,0.331496772,-0.458998098
TRPV3,0.124804845,-0.186813187,-0.134065934,-0.041758242,0.020276494,-0.068282104,0.267110771,-0.121548816,0.061606198,0.371428571,0.217582418,0.195604396,0.248351648,0.367436966,0.09010989,-0.485714286,-0.402197802,0.283516484,0.283516484,0.112087912,-0.076923077,-0.371428571,-0.12967033,0.336263736,0.050549451,0.191208791,0.378411504,-0.034401046,0.183916683,0.247711055,0.060564479,-0.201331868,-0.189326482,0.084449658,-0.110585174,0.079207969,-0.064018284,0.088008854,0.406593407,0.071195541,0.208791209,-0.088399139,-0.028825967
TRPV4,-0.157675018,0.276474311,0.280969828,0.105644655,-0.129032601,-0.139668336,0.124173748,-0.341291963,-0.245275372,0.249501208,-0.038211897,0.074176035,0.285465346,0.175518156,-0.060689483,0.11463569,0.298951897,0.056193966,0.056193966,-0.096653621,0.042707414,-0.051698448,-0.060689483,0.01573431,-0.083167069,-0.456295001,-0.387012864,0.316646888,0.224978934,0.096957885,0.191454371,0.011313636,0.120733941,0.050003229,-0.259886592,0.153015828,-0.06998884,-0.348786079,0.11463569,-0.227543213,0.16408638,0.221500745,0.111121396
